Trust,Charity Site,Direct Donation
2gether NHS Foundation Trust,https://www.2gether.nhs.uk/who-we-are/charitable-funds/#,
Abbey Sefton Hospital (University Hospital Aintree),https://www.aintreehospital.nhs.uk/about-us/making-a-charitable-donation/,https://www.justgiving.com/aintreenhs
Aintree University Hospital NHS Foundation Trust,https://www.aintreehospital.nhs.uk/about-us/making-a-charitable-donation/,https://www.justgiving.com/aintreenhs
Airedale NHS Foundation Trust,http://www.airedale-trust.nhs.uk/charity/,https://www.justgiving.com/airedaleNHS/donate
Alder Hey Children's NHS Foundation Trust,http://www.alderhey.nhs.uk/about-us/,https://donate.alderheycharity.org/public/
All Hallows Hospital,https://all-hallows.org.uk/,https://www.cafonline.org/system/donate
Ashford and St Peter's Hospitals NHS Foundation Trust,http://www.ashfordstpeters.nhs.uk/about-us/fundraising,
Avon and Wiltshire Mental Health Partnership NHS Trust,http://www.awp.nhs.uk/about-us/the-trust/charitable-fundraising/,https://www.justgiving.com/sdetyvkegw/donate
"Barking, Havering and Redbridge University Hospitals NHS Trust",https://www.bhrhospitals.nhs.uk/our-charity,https://bhrhospitals.nhs.uk/donate
Barnsley Hospital NHS Foundation Trust,https://www.barnsleyhospital.nhs.uk,https://www.justgiving.com/barnsleyhospitalcharity
Barts Health NHS Trust,https://bartscharity.org.uk/,https://bartscharity.org.uk/get-involved/donate/
Basildon and Thurrock University Hospitals NHS Foundation Trust,http://www.basildonandthurrock.nhs.uk/fundraising,https://www.justgiving.com/btuh
Bedford Hospital NHS Trust,https://www.bedfordhospitalcharity.org.uk/,https://www.nowdonate.com/checkout/7r0m5849tubko5978csb
Berkshire Healthcare NHS Foundation Trust,https://www.berkshirehealthcare.nhs.uk/about-us/about-us/our-charity/,https://www.justgiving.com/berkshirenhsfoundation
Birmingham Community Healthcare NHS Foundation Trust,http://www.bhamcommunity.nhs.uk/about-us/our-charity/donate/,https://www.justgiving.com/bchc-charity
Birmingham Women's and Children's NHS Foundation Trust,https://bwc.nhs.uk/fundraising,https://www.bch.org.uk/donate/donate/5/credit-card
Birmingham Women's NHS Foundation Trust,https://bwc.nhs.uk/birmingham-womens-charity,https://www.justgiving.com/bwhct
Black Country Partnership NHS Foundation Trust,http://www.bcpft.nhs.uk/join-us/our-charity,https://mydonate.bt.com/donation/v4/chooseAmount.html?charity=73958&sourcePage=charityPage
Blackpool Teaching Hospitals NHS Foundation Trust,http://www.bfwh.nhs.uk/support-us/,https://www.justgiving.com/blueskieshospitals
Bolton NHS Foundation Trust,http://www.boltonft.nhs.uk/get-involved/charitable-giving/,https://uk.virginmoneygiving.com/donation-web/charity?charityId=1002321
Bradford District NHS Foundation Trust,,
Bradford Teaching Hospitals NHS Foundation Trust,https://www.bradfordhospitals.nhs.uk/about/charity,https://www.justgiving.com/bradfordteachinghospital
Brighton and Sussex University Hospitals NHS Trust,https://www.bsuh.nhs.uk/charity/,https://www.justgiving.com/bsuhnhs/donate
Buckinghamshire Healthcare NHS Trust,http://www.buckshealthcare.nhs.uk/charitable-fund/,https://www.justgiving.com/bucksnhs/donate
Burton Hospitals NHS Foundation Trust,http://www.burtie.org.uk/,https://www.justgiving.com/burtonhospital/Donate
Calderdale and Huddersfield NHS Foundation Trust,http://www.cht.nhs.uk/about-us/make-a-donation-to-chft/,https://www.justgiving.com/calderdalehuddersfieldNHS
Cambridge University Hospitals NHS Foundation Trust,https://www.cuh.nhs.uk/corporate-information/about-us/our-profile/what-we-do/charity/act-%E2%80%93-making-difference-for-patients,https://www.act4addenbrookes.org.uk/Waystosupportus/Makeadonation/Makeadonationonline
Cambridgeshire and Peterborough NHS Foundation Trust,http://www.cpft.nhs.uk/Latest-news/CPFT-launches-new-charity-Head-To-Toe.htm,http://www.cpft.nhs.uk/HeadtoToe/one-off-donations.htm
Cambridgeshire Community Services NHS Trust,,
Central and North West London NHS Foundation Trust,https://uk.virginmoneygiving.com/charity-web/charity/finalCharityHomepage.action?charityId=1001865,https://uk.virginmoneygiving.com/donation-web/charity?charityId=1001865
Chelsea and Westminster Hospital NHS Foundation Trust,http://www.cwplus.org.uk/,http://www.cwplus.org.uk/support-us/
Cheshire and Wirral Partnership NHS Foundation Trust,http://www.cwp.nhs.uk/about-us/our-vision-and-values/charity/,https://mydonate.bt.com/donation/v4/chooseAmount.html?charity=104067
Chesterfield Royal Hospital NHS Foundation Trust,https://www.chesterfieldroyal.nhs.uk/donate/index,https://www.justgiving.com/chesterfield-royalhospital
City Health Care Partnership Cic,,
City Hospitals Sunderland NHS Foundation Trust,https://chsft.nhs.uk/about-us/chscharity,https://chsft.nhs.uk/about-us/chscharity/donate-now
Colchester Hospital University NHS Foundation Trust,http://www.colchesterhospital.nhs.uk/fundraising.shtml,https://cohoc.charitycheckout.co.uk/#!/
Cornwall Partnership NHS Foundation Trust,http://www.cornwallft.nhs.uk/about/trust/fundraising/,https://www.justgiving.com/cornwall-partnership
Countess Of Chester Hospital NHS Foundation Trust,http://www.coch.nhs.uk/fundraising.aspx,https://www.justgiving.com/countesscharity
County Durham and Darlington NHS Foundation Trust,https://www.cddft.nhs.uk/about-the-trust/county-durham-darlington-nhs-foundation-trust-charity.aspx#,https://www.justgiving.com/cddft
Coventry and Warwickshire Partnership NHS Trust,https://www.uhcwcharity.org/what-we-do/,https://uk.virginmoneygiving.com/charity-web/charity/finalCharityHomepage.action?uniqueVmgCharityUrl=uhcwcharity
Croydon Health Services NHS Trust,https://www.croydonhealthservices.nhs.uk/getting-involved/croydon-health-services-charitable-fund.htm,https://www.croydonhealthservices.nhs.uk/SSL/donate2.htm
Cumbria Partnership NHS Foundation Trust,https://www.cumbriapartnership.nhs.uk/the-trust/charitable-funds,
Dartford and Gravesham NHS Trust,http://www.dvh.nhs.uk/about-us/fundraising/,https://www.justgiving.com/dvh
Derby Teaching Hospitals NHS Foundation Trust,https://derbyhospitalscharity.org.uk/,https://derbyhospitalscharity.org.uk/product/recurring-donation/
Derbyshire Community Health Services NHS Foundation Trust,http://www.dchs.nhs.uk/charitable-funds,https://mydonate.bt.com/donation/v4/chooseAmount.html?charity=167747
Derbyshire Healthcare NHS Foundation Trust,http://www.dchs.nhs.uk/home/charitable-funds,https://mydonate.bt.com/donation/v4/chooseAmount.html?charity=167747
Devon Partnership NHS Trust,https://www.dpt.nhs.uk/about/who-we-are/our-charity,https://www.justgiving.com/devonpartnership
Doncaster and Bassetlaw Hospitals NHS Foundation Trust,https://www.dbth.nhs.uk/,https://www.justgiving.com/doncasterandbassetlawhospitalsnhstrust
Dorset County Hospital NHS Foundation Trust,http://www.dchft.nhs.uk/charity/Pages/home.aspx,https://www.justgiving.com/dorsetcountyhospital
Dorset Healthcare University NHS Foundation Trust,,
Dudley and Walsall Mental Health Partnership NHS Trust,,
East and North Hertfordshire NHS Trust,http://www.enherts-tr.nhs.uk/get-involved/our-charity/,https://www.justgiving.com/enh/donate
East Cheshire NHS Trust,http://www.eastcheshire.nhs.uk/Get-Involved/our-charity.htm,https://www.justgiving.com/echeshirenhscharitablefund
East Kent Hospitals University NHS Foundation Trust,http://www.ekhuft.nhs.uk/patients-and-visitors/charity/,https://www.justgiving.com/ekhc
East Lancashire Hospitals NHS Trust,http://www.elht.nhs.uk/elht-and-me/,https://www.justgiving.com/elhtcf
East London NHS Foundation Trust,,
East Sussex Healthcare NHS Trust,https://www.esht.nhs.uk/caring-for-you/get-involved/donations/,https://esht.charitycheckout.co.uk/#!/
Epsom and St Helier University Hospitals NHS Trust,https://www.epsom-sthelier.nhs.uk/epsom-and-st-helier-nhs-trust-charitable-fund,https://uk.virginmoneygiving.com/donation-web/charity?charityId=1000990
Essex Partnership University NHS Foundation Trust,,
Frimley Health NHS Foundation Trust,https://www.frimleyhealthcharity.org/,https://www.frimleyhealthcharity.org/appeals/donation/donate-to-frimley-health-charity/
Gateshead Health NHS Foundation Trust,http://www.qegatesheadcharitablefunds.org.uk/,https://www.justgiving.com/qegateshead
George Eliot Hospital NHS Trust,http://www.geh.nhs.uk/about-us/charitable-funds/,https://www.justgiving.com/geh
Gloucestershire Care Services NHS Trust,http://caringforglos.org.uk/,https://uk.virginmoneygiving.com/donation-web/charity?charityId=1007492
Gloucestershire Hospitals NHS Foundation Trust,http://www.gloshospitals.nhs.uk/en/About-Us/Cheltenham--Gloucester-Hospitals-Charity/,https://www.justgiving.com/gloucestershire-hospitalscharity/donate
Great Ormond Street Hospital for Children NHS Foundation Trust,http://www.gosh.org/,https://donate.gosh.org/
Great Western Hospitals NHS Foundation Trust,https://www.brighterfuturesgwh.nhs.uk/,https://www.justgiving.com/greatwestern
Greater Manchester Mental Health NHS Foundation Trust,https://www.gmmh.nhs.uk/charity,https://uk.virginmoneygiving.com/donation-web/charity?charityId=1011866
Guy's and St Thomas' NHS Foundation Trust,https://www.gsttcharity.org.uk/,https://secure.edirectdebit.com/Guys-and-St-Thomas-Charity/Donate/Desktop-Form-Page/
Hampshire Hospitals NHS Foundation Trust,https://www.hampshirehospitals.nhs.uk/about-us/fundraising/hampshire-hospitals-charity.aspx,https://www.justgiving.com/northhampshireh
Harrogate and District NHS Foundation Trust,http://www.hdft.nhs.uk/hhcc/,https://www.justgiving.com/harrogatehospital
Heart Of England NHS Foundation Trust,https://www.qehb.org/,https://www.qehb.org/donate
Hertfordshire Community NHS Trust,https://www.hct.nhs.uk/our-charity/,
Hertfordshire Partnership University NHS Foundation Trust,,
Homerton University Hospital NHS Foundation Trust,http://www.homerton.nhs.uk/about-us/homerton-hope-charity/,https://www.justgiving.com/homertonhospital
Hounslow and Richmond Community Healthcare NHS Trust,http://www.hrch.nhs.uk/about-us/charitable-fund/,
Hull and East Yorkshire Hospitals NHS Trust,https://www.hey.nhs.uk/about-us/charitable-donations/,
Humber NHS Foundation Trust,,
Imperial College Healthcare NHS Trust,http://www.imperialcharity.org.uk/,https://joinin.imperialcharity.org.uk/IHC/ContactManagement/Create_donation_account_login_with_afd.aspx?ItemID=2017DYOTIND
Ipswich Hospital NHS Trust,http://www.ipswichhospitalcharity.co.uk/,https://ipswichhospital.charitycheckout.co.uk/#!/
Isle Of Wight NHS Trust,http://www.iow.nhs.uk/getting-involved/donations-and-fundraising/charitable-funds.htm,https://www.justgiving.com/iow-nhs
James Paget University Hospitals NHS Foundation Trust,http://www.jpaget.nhs.uk/get-involved/donations/,https://www.justgiving.com/jpagethospital
Kent and Medway NHS and Social Care Partnership Trust,,
Kent Community Health NHS Foundation Trust,https://www.kentcht.nhs.uk/help-us/our-charity/,https://www.justgiving.com/icare
Kettering General Hospital NHS Foundation Trust,http://www.kgh.nhs.uk/about-us/fundraising-and-donations/,https://uk.virginmoneygiving.com/donation-web/charity?charityId=1005044
King's College Hospital NHS Foundation Trust,http://kchcharity.org.uk/,https://secure.edirectdebit.com/Kings-College-Hospital/Donate/Desktop-Form-Page/
Kingston Hospital NHS Foundation Trust,https://www.kingstonhospital.nhs.uk/get-involved/kingston-hospital-charity.aspx,https://app.etapestry.com/onlineforms/KingstonHospital/Donate.html
Lancashire Care NHS Foundation Trust,,
Lancashire Teaching Hospitals NHS Foundation Trust,https://www.lancsteachinghospitals.nhs.uk/donations,https://www.justgiving.com/lancashireteachinghospitals
Leeds and York Partnership NHS Foundation Trust,,https://www.justgiving.com/leedsnhs
Leeds Teaching Hospitals NHS Trust,http://www.leedshospitalsfundraising.org.uk/,https://uk.virginmoneygiving.com/donation-web/charity?charityId=1002554
Leicestershire Partnership NHS Trust,http://www.leicspart.nhs.uk/_InvolvingYou-RaisingHealthLPTscharity.aspx,https://www.justgiving.com/RaisingHealth
Lewisham and Greenwich NHS Trust,https://www.lewishamandgreenwich.nhs.uk/donate,https://www.justgiving.com/lewishamandgreenwich
Lincolnshire Community Health Services NHS Trust,https://www.lincolnshirecommunityhealthservices.nhs.uk/join-us/charitable-funds,https://mydonate.bt.com/donation/v4/chooseAmount.html?charity=91688&sourcePage=charityPage
Lincolnshire Partnership NHS Foundation Trust,http://www.lpft.nhs.uk/news-and-events/nhs-lincolnshire-charities,https://mydonate.bt.com/donation/v4/chooseAmount.html?charity=91688&sourcePage=charityPage
Liverpool Heart and Chest NHS Foundation Trust,http://www.lhchcharity.org.uk/,https://www.justgiving.com/lhchcharity
Liverpool Women's NHS Foundation Trust,https://www.liverpoolwomens.nhs.uk/charity/,https://www.justgiving.com/liverpoolwomen
Luton and Dunstable University Hospital NHS Foundation Trust,https://www.ldh.nhs.uk/get-involved/fundraising/,https://www.justgiving.com/ldhcf/donate
Maidstone and Tunbridge Wells NHS Trust,https://www.mtw.nhs.uk/get-involved/fundraising/,https://www.justgiving.com/mtwnhscharitablefund
Medway NHS Foundation Trust,https://www.medway.nhs.uk/about-us/making-a-charitable-donation.htm,https://www.justgiving.com/medwaynhs/donate
Mersey Care NHS Foundation Trust,,
Mid Cheshire Hospitals NHS Foundation Trust,http://www.mchcharity.org/,https://www.justgiving.com/midcheshirehospitals
Mid Essex Hospital Services NHS Trust,http://www.meht.nhs.uk/our-charity/,https://www.justgiving.com/midessexhospitals
Mid Yorkshire Hospitals NHS Trust,https://www.midyorks.nhs.uk/charitable-funds,https://www.justgiving.com/midyorkshospital
Milton Keynes University Hospital NHS Foundation Trust,https://www.mkhospital.nhs.uk/index.php?option=com_content&view=article&id=115&Itemid=591,https://www.justgiving.com/mkhcharity/donate
Moorfields Eye Hospital NHS Foundation Trust,https://www.moorfieldseyecharity.org.uk/,https://www.moorfieldseyecharity.org.uk/donate
Norfolk and Norwich University Hospitals NHS Foundation Trust,http://www.nnuh.nhs.uk/get-involved/our-charity/,https://www.justgiving.com/nnuhnhs/donate
Norfolk and Suffolk NHS Foundation Trust,http://www.nsft.nhs.uk/Get-involved/Pages/Charitable-Funds.aspx,
Norfolk Community Health and Care NHS Trust,http://www.norfolkcommunityhealthandcare.nhs.uk/Get-involved/charitable-funds.htm,https://uk.virginmoneygiving.com/donation-web/charity?charityId=1003912
North Bristol NHS Trust,https://www.southmeadhospitalcharity.org.uk/,https://heroix.everydayhero.co.uk/event/SouthmeadHospitalCharityDonate/donate
North Cumbria University Hospitals NHS Trust,http://www.ncuh.nhs.uk/about-us/charity-and-fundraising/index.aspx,https://mydonate.bt.com/donation/v4/chooseAmount.html?charity=124867&sourcePage=charityPage
North East London NHS Foundation Trust,,
North Middlesex University Hospital NHS Trust,,
North Staffordshire Combined Healthcare NHS Trust,,
North Tees and Hartlepool NHS Foundation Trust,https://www.nth.nhs.uk/about/fundraising/make-donation/,https://www.justgiving.com/northteesandhartlepoolnhsfoundation
North West Anglia NHS Foundation Trust,https://www.nwangliaft.nhs.uk/advice-support/donating-fundraising/,
North West Boroughs Healthcare NHS Foundation Trust,,
Northampton General Hospital NHS Trust,http://www.nhcfgreenheart.co.uk/,https://www.justgiving.com/nhcfgreenheart/donate
Northamptonshire Healthcare NHS Foundation Trust,http://www.nhcfgreenheart.co.uk/,https://www.justgiving.com/nhcfgreenheart/donate
Northern Devon Healthcare NHS Trust,http://overandabove.org.uk/,https://www.justgiving.com/overandabove
Northern Lincolnshire and Goole NHS Foundation Trust,http://healthtreefoundation.org.uk/home,https://www.justgiving.com/nlagcharitablefunds
"Northumberland, Tyne and Wear NHS Foundation Trust",,https://www.justgiving.com/northumberlandtyneandwearnhs/donate
Northumbria Healthcare NHS Foundation Trust,https://www.northumbria.nhs.uk/get-involved/support-our-bright-charity/about-bright-northumbria/,https://www.justgiving.com/NHCCF
Nottingham University Hospitals NHS Trust,https://www.nottinghamhospitalscharity.org.uk/,https://www.justgiving.com/nuhc
Nottinghamshire Healthcare NHS Foundation Trust,,
Oxford Health NHS Foundation Trust,https://www.oxfordhealth.nhs.uk/about-us/oxford-health-charity/,https://www.justgiving.com/obmhcf/donate
Oxford University Hospitals NHS Foundation Trust,http://www.ouh.nhs.uk/charity/,https://www.justgiving.com/oxfordradcliffe/donate
Oxleas NHS Foundation Trust,,
Papworth Hospital NHS Foundation Trust,https://www.papworthhospitalcharity.org.uk/,https://www.papworthhospitalcharity.org.uk/donate/pounds-for-papworth/5
Pennine Acute Hospitals NHS Trust,http://www.pat.nhs.uk/get-involved/trust-charity.htm,https://www.justgiving.com/pahc/donate
Pennine Care NHS Foundation Trust,https://www.penninecare.nhs.uk/about-us/pennine-care-charitable-foundation/,https://mydonate.bt.com/donation/v4/chooseAmount.html?charity=160928&sourcePage=charityPage
Plymouth Hospitals NHS Trust,https://www.plymouthhospitals.nhs.uk/fundraising,https://www.justgiving.com/plymouthhospitals
Poole Hospital NHS Foundation Trust,http://www.poolehospitalcharity.co.uk/,https://www.justgiving.com/phwl
Portsmouth Hospitals NHS Trust,http://www.porthosp.nhs.uk/get-involved/fundraising/fundraising,https://www.justgiving.com/porthospcf
Queen Victoria Hospital NHS Foundation Trust,http://www.supportqvh.org/,https://www.justgiving.com/qvh-nhs
Robert Jones and Agnes Hunt Orthopaedic and District Hospital NHS Trust,http://www.rjah.nhs.uk/Fundraising/Donations-and-Fundraising.aspx,https://www.justgiving.com/rjah
Rotherham Doncaster and South Humber NHS Foundation Trust,,
Royal Berkshire NHS Foundation Trust,http://www.royalberkshire.nhs.uk/get-involved/royal-berks-charity.htm,https://www.justgiving.com/royalberkscharity
Royal Brompton and Harefield NHS Foundation Trust,https://www.rbhcharity.org/,https://www.rbhcharity.org/donate/royal-brompton-harefield-hospitals-charity/10
Royal Cornwall Hospitals NHS Trust,https://www.royalcornwall.nhs.uk/get-involved/charity-and-fundraising/,https://www.justgiving.com/royalcornwallhospitals
Royal Devon and Exeter NHS Foundation Trust,http://www.rdehospital.nhs.uk/trust/charity/default.html,https://uk.virginmoneygiving.com/donation-web/charity?charityId=1004937
Royal Free London NHS Foundation Trust,https://www.royalfreecharity.org/,https://www.royalfreecharity.org/donate
Royal Liverpool and Broadgreen University Hospitals NHS Trust,http://www.rlbuht.nhs.uk/r-charity/who-we-are/fundraising-at-the-royal/,https://www.justgiving.com/rcharity
Royal National Orthopaedic Hospital NHS Trust,http://www.rnohcharity.org/,http://www.rnohcharity.org/donate/donate-online
Royal Surrey County NHS Foundation Trust,http://www.royalsurrey.nhs.uk/fundraising-4/,https://uk.virginmoneygiving.com/donation-web/charity?charityId=1002573
Royal United Hospitals Bath NHS Foundation Trust,http://www.foreverfriendsappeal.co.uk/,https://support.foreverfriendsappeal.co.uk/donation-pages/donation-form
Salford Royal NHS Foundation Trust,http://www.srft.nhs.uk/about-us/donating/,https://www.justgiving.com/salfordroyalhospitals
Salisbury NHS Foundation Trust,http://www.starsappeal.org/,https://uk.virginmoneygiving.com/donation-web/charity?charityId=1003622&frequencyType=M
Sandwell and West Birmingham Hospitals NHS Trust,https://www.swbh.nhs.uk/charity/,https://www.justgiving.com/swbh
Sheffield Children's NHS Foundation Trust,https://www.tchc.org.uk/,https://www.tchc.org.uk/donate/
Sheffield Health and Social Care NHS Foundation Trust,https://shsc.nhs.uk/about-us/shsc-charity/,https://uk.virginmoneygiving.com/donation-web/charity?charityId=1007279&frequencyType=M
Sheffield Teaching Hospitals NHS Foundation Trust,http://www.sheffieldhospitalscharity.org.uk/,https://www.justgiving.com/shct/donate
Sherwood Forest Hospitals NHS Foundation Trust,http://www.sfh-tr.nhs.uk/index.php/get-involved/sherwood-forest-hospitals-charity,https://www.justgiving.com/sherwoodforest
Shrewsbury and Telford Hospital NHS Trust,https://www.sath.nhs.uk/about-us/charity/,https://www.justgiving.com/sath/donate
Shropshire Community Health NHS Trust,,
Somerset Partnership NHS Foundation Trust,http://www.sompar.nhs.uk/make-a-payment/donations-and-charitable-giving/,https://www.justgiving.com/som-par
South London and Maudsley NHS Foundation Trust,http://www.maudsleycharity.org/,https://secure.edirectdebit.com/South-London--Maudsley-Hospital/Donate/Desktop-Form-Page/
South Staffordshire and Shropshire Healthcare NHS Foundation Trust,,
South Tees Hospitals NHS Foundation Trust,https://www.southtees.nhs.uk/about/fundraising/,https://www.justgiving.com/southteeshospital/Donate
South Tyneside NHS Foundation Trust,,
South Warwickshire NHS Foundation Trust,https://www.swft.nhs.uk/fundraise-us,https://www.justgiving.com/swft
South West London and St George's Mental Health NHS Trust,,
South West Yorkshire Partnership NHS Foundation Trust,http://www.southwestyorkshire.nhs.uk/about-us/performance/finance/eyup/,https://www.justgiving.com/EyUp/donate
Southend University Hospital NHS Foundation Trust,https://southendhospitalcharity.co.uk/,https://www.justgiving.com/southendhospital
Southern Health NHS Foundation Trust,https://www.brighterway.org.uk/,https://www.justgiving.com/brighterway
Southport and Ormskirk Hospital NHS Trust,http://www.southportandormskirk.nhs.uk/charitable-fund.asp,https://www.justgiving.com/southportandormskirk
St George's University Hospitals NHS Foundation Trust,https://www.stgeorgeshospitalcharity.org.uk/,https://www.justgiving.com/stgeorgescf
St Helens and Knowsley Hospitals NHS Trust,http://www.sthk.nhs.uk/fundraising,https://www.justgiving.com/wshospscharity
Stockport NHS Foundation Trust,https://www.stockport.nhs.uk/page_126,https://www.justgiving.com/stockportnhs
Surrey and Borders Partnership NHS Foundation Trust,http://www.sabp.nhs.uk/involvement/charitable-donations,https://www.justgiving.com/sabp
Surrey and Sussex Healthcare NHS Trust,http://www.sashcharity.org/,https://www.justgiving.com/sashcharity
Sussex Community NHS Foundation Trust,,
Sussex Partnership NHS Foundation Trust,http://www.headsoncharity.org/home/index.html,http://www.headsoncharity.org/donate/index.html
Tameside Hospital NHS Foundation Trust,https://www.tamesidehospital.nhs.uk/get-involved/Fundraising.htm,https://www.justgiving.com/tgh-acutecare
Taunton and Somerset NHS Foundation Trust,http://www.lovemusgrove.org.uk/,https://www.justgiving.com/LoveMusgrove
"Tees, Esk and Wear Valleys NHS Foundation Trust",,
The Christie NHS Foundation Trust,http://www.christie.nhs.uk/the-christie-charity/about-the-charity/,https://secure.christiecharity.org/donate
The Dudley Group NHS Foundation Trust,http://dudleygroup.nhs.uk/our-charity/,https://www.justgiving.com/dghc
The Hillingdon Hospitals NHS Foundation Trust,http://www.hillingdonhospitalscharity.org/,https://www.justgiving.com/hillingdonhospitals
The Newcastle Upon Tyne Hospitals NHS Foundation Trust,http://www.newcastle-hospitals.org.uk/patient-guides/charity-matters-at-newcastle-hospitals_charitable-funds.aspx,https://www.justgiving.com/newcastleupontynenhs
The Princess Alexandra Hospital NHS Trust,http://www.pah.nhs.uk/article/1270/Charities,https://www.justgiving.com/pahnhs
"The Queen Elizabeth Hospital, King's Lynn. NHS Foundation Trust",http://www.qehkl.nhs.uk/Fundraisingmain.asp?s=foundation&ss=fundraising.and.donations&p=fundraising.and.donations.information,https://www.justgiving.com/qehkl/donate
The Rotherham NHS Foundation Trust,http://www.therotherhamft.nhs.uk/charity/,https://www.justgiving.com/rhcgc/Donate
The Royal Bournemouth and Christchurch Hospitals NHS Foundation Trust,https://www.bhcharity.org/,https://www.justgiving.com/rbch
The Royal Marsden NHS Foundation Trust,https://www.royalmarsden.org/,https://www.royalmarsden.org/donate
The Royal Orthopaedic Hospital NHS Foundation Trust,https://www.roh.nhs.uk/about-us/fundraising,https://www.justgiving.com/roh
The Royal Wolverhampton NHS Trust,http://www.royalwolverhampton.nhs.uk/about-us/our-charity/,https://www.justgiving.com/rulvbcelbk/donate
The Walton Centre NHS Foundation Trust,https://www.thewaltoncentre.nhs.uk/9/fundraising.html,https://uk.virginmoneygiving.com/donation-web/charity?charityId=1004231
The Whittington Health NHS Trust,http://www.whittington.nhs.uk/default.asp?c=2791,https://www.justgiving.com/whittington
Torbay and South Devon NHS Foundation Trust,https://www.torbayandsouthdevon.nhs.uk/contact-us/ways-you-can-help/charitable-funds/,
United Lincolnshire Hospitals NHS Trust,https://www.ulh.nhs.uk/about/fundraising-and-donations/,https://uk.virginmoneygiving.com/donation-web/charity?charityId=1003935&frequencyType=M
University College London Hospitals NHS Foundation Trust,http://www.uclhcharitablefoundation.org.uk/,https://www.justgiving.com/uclh
University Hospital Birmingham NHS Foundation Trust,https://www.qehb.org/,https://www.qehb.org/donate
University Hospital Southampton NHS Foundation Trust,http://www.southamptonhospitalcharity.org/,https://www.justgiving.com/suh
University Hospitals Bristol NHS Foundation Trust,https://www.aboveandbeyond.org.uk/,https://www.aboveandbeyond.org.uk/forms/donate-to-your-hospitals
University Hospitals Coventry and Warwickshire NHS Trust,https://www.uhcwcharity.org/,https://uk.virginmoneygiving.com/donation-web/charity?charityId=1000880
University Hospitals Of Leicester NHS Trust,http://www.leicesterhospitalscharity.org.uk/,https://www.justgiving.com/lhc
University Hospitals Of Morecambe Bay NHS Foundation Trust,http://www.bayhospitalscharity.org/,https://www.justgiving.com/bhc
University Hospitals of North Midlands,http://www.uhnmcharity.org.uk/,https://www.justgiving.com/nshcf
Walsall Healthcare NHS Trust,http://www.walsallhealthcare.nhs.uk/charity/home,https://www.justgiving.com/whnhstgcf
Warrington and Halton Hospitals NHS Foundation Trust,http://whhcharity.org.uk/,https://www.justgiving.com/warringtonandhaltonhospitals
West Hertfordshire Hospitals NHS Trust,http://www.westhertshospitals.nhs.uk/about/fundraising_donations.asp,https://www.justgiving.com/westhertfordshirenhs
West London Mental Health NHS Trust,http://www.wlmht.nhs.uk/feedback-involvement/wlmht-charity/,https://uk.virginmoneygiving.com/donation-web/charity?charityId=1010927&frequencyType=M
West Suffolk NHS Foundation Trust,http://mywishcharity.wsh.nhs.uk/Charity/Home.aspx,https://www.justgiving.com/mywishcharity
Western Sussex Hospitals NHS Foundation Trust,http://www.loveyourhospital.org/,https://www.justgiving.com/loveyourhospital
Weston Area Health NHS Trust,http://www.waht.nhs.uk/en-GB/Fundraising/Charitable-Funds/,http://www.waht.nhs.uk/en-GB/Fundraising/Charitable-Funds/
Wirral University Teaching Hospital NHS Foundation Trust,http://www.wuth.nhs.uk/charity/wuth-charity/,https://www.justgiving.com/wuthcharity
Worcestershire Acute Hospitals NHS Trust,http://www.worcsacute.nhs.uk/our-trust/fundraising,https://www.justgiving.com/worcestershireacutehospitalnhstrust
"Wrightington, Wigan and Leigh NHS Foundation Trust",http://www.wwl.nhs.uk/charitable_funds/,https://www.justgiving.com/threewishes/Donate
Wye Valley NHS Trust,https://www.wyevalley.nhs.uk/get-involved/fundraising.aspx,https://www.justgiving.com/wyevalleynhstrust
Yeovil District Hospital NHS Foundation Trust,https://www.yeovilhospital.co.uk/get-involved/support-us/,https://www.justgiving.com/yeovilhospital
York Teaching Hospital NHS Foundation Trust,https://www.yorkhospitals.nhs.uk/get-involved/york-teaching-hospital-charity/who-we-are/,https://www.justgiving.com/yorkteachinghospital